"","pathNames","pPert","pORA","pPert.fdr","pORA.fdr"
"path:eco02030","Bacterial chemotaxis",0.00199600798403194,0.99100748206033,0.00798403193612774,0.999650925994019
"path:eco02060","Phosphotransferase system (PTS)",0.00199600798403194,0.517851138242003,0.00798403193612774,0.999650925994019
"path:eco02020","Two-component system",0.00399201596806387,0.999650925994019,0.010645375914837,0.999650925994019
"path:eco02024","Quorum sensing",0.0139720558882236,0.226656157013565,0.0279441117764471,0.999650925994019
"path:eco01501","beta-Lactam resistance",0.111776447105788,0.892083927896928,0.178842315369261,0.999650925994019
"path:eco02026","Biofilm formation - Escherichia coli",0.171656686626747,0.555043100749233,0.228875582168995,0.999650925994019
"path:eco01503","Cationic antimicrobial peptide (CAMP) resistance",0.233532934131737,0.85561682166259,0.266894781864842,0.999650925994019
"path:eco04122","Sulfur relay system",0.756487025948104,0.555743590613133,0.756487025948104,0.999650925994019
